temp_id,folio,witness,exact_italian,literal_english,topic,status
"MI_REC_27_36_IMG01","FOLIO_PENDING","Leonardo Interactivo BNE","Fondamento dell rote di quessto charro e del loro sito.","Foundation of the wheels of this cart and of their position.","Cart wheel geometry","RECOVERED"
"MI_REC_27_36_IMG02","FOLIO_PENDING","Leonardo Interactivo BNE","Questo movimento è di natura che va inna[n]zi e poi ritorna indirieto, e ancora volta intorno.","This movement is of a nature that goes forward and then returns backward, and again turns around.","Reciprocating + rotary motion","RECOVERED"
"MI_REC_27_36_IMG02","FOLIO_PENDING","Leonardo Interactivo BNE","E cquessto solo achade al rochetto m, che ssi volta nell'anello b. Il quale anello è ssosspinto innanzi e indirieto dalla rota r.","And this only happens to the pinion m, which turns in the ring b. Which ring is pushed forward and backward by the wheel r.","Ring-pinion reciprocating drive","RECOVERED"
"MI_REC_27_36_IMG02","FOLIO_PENDING","Leonardo Interactivo BNE","E hesso rochetto è inpolato sopra un ferro quadro e llungo, che hentra per la canna quadra n o, come vedi.","And this pinion is set on a square and long iron, which enters through the square tube n o, as you see.","Square-section shaft","RECOVERED"
"MI_REC_27_36_IMG02","FOLIO_PENDING","Leonardo Interactivo BNE","Quessto è il modo chome si ferma il polo della rota r.","This is the way in which the pole of wheel r is fixed.","Wheel-pole fixing","RECOVERED"
"MI_REC_27_36_IMG02","FOLIO_PENDING","Leonardo Interactivo BNE","E ssimilemente, questi qui di sotto son tutti i pezi qui di sopra.","And similarly, these here below are all the parts shown above.","Parts correspondence","RECOVERED"
"MI_REC_27_36_IMG03","FOLIO_PENDING","Leonardo Interactivo BNE","Quessto isstrumento per voltare il manicho f, manda inanzi e ffa tornare indirieto l'asste m n.","This instrument, by turning the handle f, sends the shaft m n forward and makes it return backward.","Handle-driven shaft reciprocation","RECOVERED"
"MI_REC_27_36_IMG03","FOLIO_PENDING","Leonardo Interactivo BNE","Adoperalo hora tu a' tua propositi, che ffa bene.","Use it now for your purposes, it works well.","Practical instruction","RECOVERED"
"MI_REC_27_36_IMG03","FOLIO_PENDING","Leonardo Interactivo BNE","E lla cinghia che move tale asste hè fferma infra ll'una roccha e ll'altra dirieto, inchiodata sul subbio di dette rocche.","And the belt that moves that shaft is fixed between one spindle and the other behind, nailed on the axle of said spindles.","Belt-fixed shaft drive","RECOVERED"
"MI_REC_27_36_IMG03","FOLIO_PENDING","Leonardo Interactivo BNE","Questo hè il migliore moto che ssia infra i moti doppi, inperoché ssenpre, in ogni sua parte, fia hequale.","This is the best motion that exists among double motions, because it will always be equal in every part of it.","Double motion — best type","RECOVERED"
"MI_REC_27_36_IMG03","FOLIO_PENDING","Leonardo Interactivo BNE","E ssapi che lla rota grande che move le due rocche hè apunto meza dentata, chon 12 denti che movano tali roche.","And know that the large wheel that moves the two spindles is exactly half-toothed, with 12 teeth that move such spindles.","Half-toothed driving wheel","RECOVERED"
"MI_REC_27_36_IMG03","FOLIO_PENDING","Leonardo Interactivo BNE","E anchora ciasscuna d'esse 2 roche sono fatte di 12 fuselli ciascuna per sé.","And also each of those 2 spindles is made of 12 rods each by itself.","12-rod spindle construction","RECOVERED"
"MI_REC_27_36_IMG03","FOLIO_PENDING","Leonardo Interactivo BNE","Ma guarda tu conponitore di sstrumenti, che mai tu non faci tali menbri in lochi ch'elli abino a hessere troppo veloci, perché nel pigliare fuga overo inpito per un verso, e che ssubito essa rota avesi a ritornare indirieto, ella anderebbe a ppericholo di ronpere i sua denti.","But you, maker of instruments, take care never to place such members in positions where they must be too fast, because in taking flight or impetus in one direction, and the wheel suddenly having to return backward, it would be in danger of breaking its teeth.","Speed-limit safety warning","RECOVERED"
"MI_REC_27_36_IMG03","FOLIO_PENDING","Leonardo Interactivo BNE","E puossi ancora 'n iscanbio dell'asste che va in qua he in là, fare chon una schaletta di ferro, come qui si dimosstra, e ffia più etterno e men variabile.","And one can also, instead of the shaft that goes this way and that, make it with a small iron rack, as is shown here, and it will be more durable and less variable.","Iron rack alternative to shaft","RECOVERED"
"MI_REC_27_36_IMG04","FOLIO_PENDING","Leonardo Interactivo BNE","Horilogo","Clock","Clock label","RECOVERED"
"MI_REC_27_36_IMG04","FOLIO_PENDING","Leonardo Interactivo BNE","Chontrapeso, il quale 'n un braccio di moto disvolgie d'in sul subbio braccia 16 di chorda.","Counterweight, which in one arm of motion unwinds from the axle 16 braccia of cord.","Counterweight cord geometry","RECOVERED"
"MI_REC_27_36_IMG04","FOLIO_PENDING","Leonardo Interactivo BNE","Moto traversale, che va he ttorna, chol moto d'una sola rota, che sempre volta per uno solo verso.","Transverse motion, that goes and returns, with the motion of a single wheel, that always turns in one direction only.","Single-wheel transverse reciprocation","RECOVERED"
"MI_REC_27_36_IMG05","FOLIO_PENDING","Leonardo Interactivo BNE","Modo di sperimentare una misura di pionbo quante misure simile d'acqua voglia per suo equal peso.","Method of testing how many similar measures of water a measure of lead requires for its equal weight.","Lead-water equivalence experiment","RECOVERED"
"MI_REC_27_36_IMG05","FOLIO_PENDING","Leonardo Interactivo BNE","Forma da ffare il boctino, cioè, l'armadura de'fili che llo c[i]rchundano, cioè, fili di ferro. I quali fieno tagliati nel locho m n e ppoi saldati e apichati a uno budello grosso di bo, in figura cholomnale e apichati con vernice, cholla vicinità che a tte parà.","Form for making the piston, that is, the armature of the wires that surround it, that is, iron wires. Which shall be cut at the place m n and then soldered and attached to a thick gut of bo, in columnar form and attached with varnish, with the proximity that seems right to you.","Piston armature construction","RECOVERED"
"MI_REC_27_36_IMG05","FOLIO_PENDING","Leonardo Interactivo BNE","Strumento da vedere una libra di pionbo quante volte sé medesimo leva in soma d'acqua.","Instrument to see how many times one pound of lead lifts itself in sum of water.","Lead displacement instrument","RECOVERED"
"MI_REC_27_36_IMG05","FOLIO_PENDING","Leonardo Interactivo BNE","Cioè, diciamo, una misura di pionbo quante misure d'acqua spignie fori del suo livello, levandole in alto.","That is, let us say, a measure of lead how many measures of water it drives out of its level, raising them upward.","Displacement measurement","RECOVERED"
"MI_REC_27_36_IMG05","FOLIO_PENDING","Leonardo Interactivo BNE","E prima farai il bottino, el pionbo e lla channa d'equal grosseza, e nota quante volte l'alteza del piobo entra nella alteza dell'acqua che ssi levò sopra il livello dell'acqua del bottino.","And first you shall make the piston, the lead and the tube of equal thickness, and note how many times the height of the lead enters into the height of the water that rose above the level of the water of the piston.","Equal-section height measurement","RECOVERED"
"MI_REC_27_36_IMG05","FOLIO_PENDING","Leonardo Interactivo BNE","Di poi la cana per metà. Di poi la cana per quarto. Di poi la canna e 'l bottino equali e 'l pionbo per metà.","Then the tube by half. Then the tube by quarter. Then the tube and the piston equal and the lead by half.","Sequential dimension ratios","RECOVERED"
"MI_REC_27_36_IMG05","FOLIO_PENDING","Leonardo Interactivo BNE","Di poi il [p]ionbo per lo quarto sempre cressciendo per lungeza quello che mancha in grosseza.","Then the lead by the quarter, always increasing in length that which it lacks in thickness.","Lead cross-section compensation","RECOVERED"
"MI_REC_27_36_IMG05","FOLIO_PENDING","Leonardo Interactivo BNE","Oltre a di questo, fa in pionbo più largo che 'l bottino e lla chana.","Beyond this, make the lead wider than the piston and the tube.","Wide-lead variant","RECOVERED"
"MI_REC_27_36_IMG05","FOLIO_PENDING","Leonardo Interactivo BNE","E chosi notando ogni qualità potrai poi giustamente giudicare la potentia d'ogni strumento aquaticho.","And thus noting every quality you will then be able justly to judge the power of every hydraulic instrument.","Hydraulic instrument evaluation","RECOVERED"
"MI_REC_27_36_IMG05","FOLIO_PENDING","Leonardo Interactivo BNE","Richordati di sperimentare in questo chaso il peso d'ogni qualità di metallo, pietra e terra e ssilmilemente legnio.","Remember to test in this case the weight of every kind of metal, stone and earth and similarly wood.","Multi-material displacement test","RECOVERED"
"MI_REC_27_36_IMG05","FOLIO_PENDING","Leonardo Interactivo BNE","E 'l simile farai nel bottino con argiento vivo e ogni corpo liquido atto a elevarsi.","And the same you shall do in the piston with mercury and every liquid body apt to rise.","Mercury variant","RECOVERED"
"MI_REC_27_36_IMG05","FOLIO_PENDING","Leonardo Interactivo BNE","Se volli vedere una misura di pionbo quante misure d'acqua voglia per suo chontrappeso, farai in questo modo: fa ttorniare uno pezo di pionbo grosso un'oncia.","If you want to see how many measures of water a measure of lead requires for its counterweight, do it in this way: have a piece of lead one ounce thick turned.","Lead counterweight protocol","RECOVERED"
"MI_REC_27_36_IMG05","FOLIO_PENDING","Leonardo Interactivo BNE","equesto ungni con sapone e tuffa 5 o 6 volte 'n un bagnio di ciera, i'modo li faci u[n]a coverta soda e d'eguale alteza al pionbo.","And grease this with soap and dip 5 or 6 times in a wax bath, in such a way that you make a solid coat of equal height to the lead.","Wax-coat protocol","RECOVERED"
"MI_REC_27_36_IMG05","FOLIO_PENDING","Leonardo Interactivo BNE","Di poi trai fora il pionbo e ffa tante misure d'acqua o vino, ch'elle stieno in bilancia chol detto pionbo.","Then withdraw the lead and make as many measures of water or wine as shall balance with the said lead.","Balance equivalence test","RECOVERED"
"MI_REC_27_36_IMG05","FOLIO_PENDING","Leonardo Interactivo BNE","E cosi farai bona e vera regola sempre sbattendo de'pesi della cera.","And thus you shall make a good and true rule, always subtracting the weight of the wax.","Wax-weight subtraction rule","RECOVERED"
"MI_REC_27_36_IMG06","FOLIO_PENDING","Leonardo Interactivo BNE","Il tirare d'ogni peso sopra le rote debbe essere tirato per la linia del cientro d'eese rote, cioè, che 'l giogo de'boi debbe essere alto quanto el centro della rota, he meglio sarebbe se esso tirare capitassi al cientro del peso che ffano i boi ne'loro cinarsi al tirare del peso.","The pull of every weight over the wheels must be pulled along the line of the centre of those wheels, that is, the yoke of the oxen must be as high as the centre of the wheel, and it would be better if the pull reached the centre of weight that the oxen make in inclining themselves to the pull of the weight.","Load-pull through wheel-centre law","RECOVERED"
"MI_REC_27_36_IMG06","FOLIO_PENDING","Leonardo Interactivo BNE","a m son due femmine della vite, de le quali la inferiore hè mobile e ll'altra no.","a m are two nuts of the screw, of which the lower is mobile and the other is not.","Dual-nut screw — one mobile","RECOVERED"
"MI_REC_27_36_IMG06","FOLIO_PENDING","Leonardo Interactivo BNE","E ricievano varie potentie dalla vite varia che dentro vi passa.","And they receive various powers from the varied screw that passes within.","Variable-pitch power variation","RECOVERED"
"MI_REC_27_36_IMG07","FOLIO_PENDING","Leonardo Interactivo BNE","Qui uno huomo, overo diremo dua homini, i quali adoperino eguale forza ed eguale presteza ne'lor moti.","Here one man, or let us say two men, who use equal force and equal speed in their motions.","Mechanical equivalence — two men","RECOVERED"
"MI_REC_27_36_IMG07","FOLIO_PENDING","Leonardo Interactivo BNE","E lli sstrumenti da tali homini mossi sieno vari.","And the instruments moved by such men be various.","Varied instruments, equal input","RECOVERED"
"MI_REC_27_36_IMG07","FOLIO_PENDING","Leonardo Interactivo BNE","Cioè, che ll'uno homo tiri il suo peso cholla vite sanza fine di m, e ll'altro cholla rota n.","That is, that one man pulls his weight with the endless screw of m, and the other with the wheel n.","Worm screw vs wheel — equivalence test","RECOVERED"
"MI_REC_27_36_IMG07","FOLIO_PENDING","Leonardo Interactivo BNE","E sse dimostra che chiasscuno, adoperando un'ora di tenpo con 25 libre di forza e con egual presteza, e che ciasscuno, in capo dell'ora si truovi chol suo peso all'alteza dove s'a a conducere.","And it is shown that each, using one hour of time with 25 pounds of force and with equal speed, and that each, at the end of the hour finds himself with his weight at the height where it is to be brought.","Equal work in equal time — equivalence proof","RECOVERED"
"MI_REC_27_36_IMG07","FOLIO_PENDING","Leonardo Interactivo BNE","Cioè, che sse tali omini anno a condurre a una alteza di 100 braccia, 100.000 libre di peso, e che ne tochi 50 mila libre per ciasscuno homo, e che llo strumento di m conduca le sua in una volta, e llo strumento n in 10 volte, che lla decima volta di n si trovi all'alteza delle 100 braccia, insieme con m.","That is, that if such men have to bring to a height of 100 braccia 100,000 pounds of weight, and that there falls 50,000 pounds for each man, and that the instrument of m brings its in one turn, and instrument n in 10 turns, that the tenth turn of n finds itself at the height of 100 braccia, together with m.","Conservation law: 1 turn worm = 10 turns wheel for equal work","RECOVERED"
"MI_REC_27_36_IMG07","FOLIO_PENDING","Leonardo Interactivo BNE","E ttroverai essere eguali.","And you will find them to be equal.","Equivalence confirmed","RECOVERED"
"MI_REC_27_36_IMG08","f.35v–f.36r","Leonardo Interactivo BNE screenshot","FIGURES ONLY","Figures only; no prose in supplied screenshot.","Figure witness layer","FIGURES_ONLY"
"MI_REC_27_36_IMG09","FOLIO_PENDING","Leonardo Interactivo BNE","Mo[do] di caricare senprice le cose grave sopra de'charri.","Method of loading heavy things simply onto carts.","Simple heavy-load method","RECOVERED"
"MI_REC_27_36_IMG09","FOLIO_PENDING","Leonardo Interactivo BNE","E ffassi in questa forma apresso de'lonnbardi, come se 'l peso fussi una bonbarda o altra cosa grave, posta al principio del r s, nel locho m.","And it is done in this form among the Lombards, as if the weight were a cannon or other heavy thing, placed at the beginning of r s, at place m.","Lombard method — cannon loading","RECOVERED"
"MI_REC_27_36_IMG09","FOLIO_PENDING","Leonardo Interactivo BNE","E ssia attachato la chorda alla charena del charro in p, e discienda al peso m e llo circundi in parte, come vedi.","And let the cord be attached to the underframe of the cart at p, and descend to the weight m and surround it in part, as you see.","Cord from cart underframe to weight","RECOVERED"
"MI_REC_27_36_IMG09","FOLIO_PENDING","Leonardo Interactivo BNE","E di poi si diriai ai giochi de'boi in n, dove tirata quasi all'ultimo del trave r s, alzerai la testa d'esso trave in r.","And then direct it to the yoke of the oxen at n, where pulled almost to the last of the beam r s, you will raise the head of that beam at r.","Oxen pull raises beam head","RECOVERED"
"MI_REC_27_36_IMG09","FOLIO_PENDING","Leonardo Interactivo BNE","E parte farai tirare co'boi.","And in part you will have the oxen pull.","Oxen share of pull","RECOVERED"
"MI_REC_27_36_IMG09","FOLIO_PENDING","Leonardo Interactivo BNE","Allora la bonbarda fia condotta al mezo il charro e tal carro si dirizerà avendo il peso in mezzo.","Then the cannon will be brought to the middle of the cart and that cart will straighten having the weight in the middle.","Cannon centred — cart balances","RECOVERED"
"MI_REC_27_36_IMG09","FOLIO_PENDING","Leonardo Interactivo BNE","Apresso de'giermani si usa charichare i charri in quessta forma, sanza piegare altrementi i carri.","Among the Germans it is customary to load carts in this form, without bending the carts in any other way.","German method: no cart bending","RECOVERED"
"MI_REC_27_36_IMG09","FOLIO_PENDING","Leonardo Interactivo BNE","Ma il modo lonbardo, avendo più forte rote ne'lor carri, hè assai migliore, perché il peso a minor montata nel piegare del carro che none a llassciare stare il charro in piedi.","But the Lombard method, having stronger wheels in their carts, is much better, because the weight has less of a rise in bending the cart than in letting the cart stand upright.","Lombard method: stronger wheels, less rise — better","RECOVERED"
"MI_REC_27_36_IMG10","FOLIO_PENDING","Leonardo Interactivo BNE","Movimenti facti chon tardità di tenpo","Movements made with slowness of time","Section heading: slow-time motions","RECOVERED"
"MI_REC_27_36_IMG10","FOLIO_PENDING","Leonardo Interactivo BNE","Se volterai il manico o p per un solo verso, la sscaletta m n anderà ora in qua he ora in là.","If you turn the handle o p in one direction only, the ratchet m n will go now this way and now that way.","Single-direction handle — alternating ratchet","RECOVERED"
"MI_REC_27_36_IMG10","FOLIO_PENDING","Leonardo Interactivo BNE","E cquessto acade perché il cierchio di mezo alla rota dentata è sollamente dentato la metà, con 6 denti.","And this happens because the circle in the middle of the toothed wheel is only toothed half, with 6 teeth.","Half-toothed wheel — alternating drive","RECOVERED"
"MI_REC_27_36_IMG10","FOLIO_PENDING","Leonardo Interactivo BNE","E lla rocha che da tale meza rota dentata fia voltata, sarà con 6 fuselli.","And the spindle that will be turned by that half-toothed wheel, will have 6 rods.","6-rod spindle matching","RECOVERED"
"MI_REC_27_36_IMG10","FOLIO_PENDING","Leonardo Interactivo BNE","Ma sappi che tale rocha sta meglio più corta e non dimezata.","But know that such a spindle is better shorter and not halved.","Spindle length rule","RECOVERED"
"MI_REC_27_36_IMG10","FOLIO_PENDING","Leonardo Interactivo BNE","Quessto fa il medesimo ofitio che quello di sopra.","This does the same office as the one above.","Functional equivalence — second mechanism","RECOVERED"
"MI_REC_27_36_IMG10","FOLIO_PENDING","Leonardo Interactivo BNE","Conciosiaché la channa o p si mova in qua he in là, su la lungeza del masscio f t, come fa per sé la sschaletta di sopra m n.","Since the tube o p moves this way and that, along the length of the solid f t, as the ratchet m n above does by itself.","Tube-motion equivalence to ratchet","RECOVERED"
"MI_REC_27_36_IMG10","FOLIO_PENDING","Leonardo Interactivo BNE","Questi due moti di sopra sono hequali per potentia chome per movimento.","These two motions above are equal in power as in movement.","Two mechanisms equal in power and motion","RECOVERED"
"MI_REC_27_36_IMG11","FOLIO_PENDING","Leonardo Interactivo BNE","Guarda quanto questa potentia si va variando nel fare il suo moto.","Observe how much this power goes varying in making its motion.","Variable power during motion","RECOVERED"
"MI_REC_27_36_IMG11","FOLIO_PENDING","Leonardo Interactivo BNE","Vedi la lieva s a, che ss'è acressciuta da s b, come si mostra quand'è giunta a la linia s n.","See the lever s a, which has grown from s b, as is shown when it arrives at the line s n.","Lever growth from s b to s n","RECOVERED"
"MI_REC_27_36_IMG11","FOLIO_PENDING","Leonardo Interactivo BNE","Questo moto sarà hequale nel movimento ma fortemente disequale nella potentia del suo motore.","This motion will be equal in movement but strongly unequal in the power of its mover.","Equal motion — unequal power","RECOVERED"
"MI_REC_27_36_IMG12","FOLIO_PENDING","Leonardo Interactivo BNE","Questo modo è ssimile a cquello delle lieve che qui hè a risscontro in pari numero di asste.","This mode is similar to that of the levers which here corresponds in equal number of shafts.","Lever analogy — equal shaft count","RECOVERED"
"MI_REC_27_36_IMG12","FOLIO_PENDING","Leonardo Interactivo BNE","E non ci fo altro divario sennonché quessto, per essere fatto chon rote dentate cholle sue rochette, esso a chontinuatione nel suo moto, della qual cosa lo sstrumento delle lieve senpli è privato.","And there is no other difference but this, that being made with toothed wheels with their pinions, it has continuity in its motion, of which thing the simple lever instrument is deprived.","Gear continuity vs lever discontinuity","RECOVERED"
"MI_REC_27_36_IMG12","FOLIO_PENDING","Leonardo Interactivo BNE","Se ttu multiplichi qui il numero delle rotelle over girelle per lo numero delle libre che pesa il chontrappeso f, tu troverai il peso m n, il quale starà in equilibra chol peso f e ffia 33 libre.","If you multiply here the number of small wheels or pulleys by the number of pounds that the counterweight f weighs, you will find the weight m n, which will be in equilibrium with the weight f and will be 33 pounds.","Pulley multiplication law","RECOVERED"
"MI_REC_27_36_IMG12","FOLIO_PENDING","Leonardo Interactivo BNE","E infra tirari conpossti questo hè il più debole e di mancho valitudine e ssolo si pò laldare per essere assai sichuro, perché non è sottopossto a denti di rote, chome gli altri, benché lo sstrumento qui di sopra, anchora lui si possa fare con chorde he ffia anchora lui sichuro.","And among composite pulls this is the weakest and of least force and can only be praised for being very safe, because it is not subject to teeth of wheels, as the others are, although the instrument above can also be made with cords and will also be safe.","Pulley block: weakest but safest","RECOVERED"
"MI_REC_27_36_IMG13","FOLIO_PENDING","Leonardo Interactivo BNE","Qui si dimanda per quale linia il moto di quessta antenna fia più facile al suo motore ho per la linia equidiacente f m, hopur per la linia obbliqua n m, ho voi in qualunque grado infra l'un e ll'altra linia.","Here is asked by which line the motion of this antenna will be easier for its mover, whether by the equidistant line f m, or by the oblique line n m, or you wish in any degree between one and the other line.","Equidistant vs oblique pull — problem posed","RECOVERED"
"MI_REC_27_36_IMG13","FOLIO_PENDING","Leonardo Interactivo BNE","Chiaro si dimosstra per la 60ª del 7°, che lla chorda equidiacente sente men faticha del peso da llei mosso che per qualunque linia hesso peso fussi tirato.","It is clearly shown by the 60th of the 7th, that the equidistant cord feels less effort of the weight moved by it than by any line along which that weight were pulled.","Citation: 60th of the 7th — equidistant cord least effort","RECOVERED"
"MI_REC_27_36_IMG13","FOLIO_PENDING","Leonardo Interactivo BNE","Inperoché la chorda equidiacente f m solamente hè affatichata dalla chonfregatione che ffa hesso peso cholla terra donde si move.","Because the equidistant cord f m is only fatigued by the friction that that weight makes with the ground from which it moves.","Equidistant cord: friction only load","RECOVERED"
"MI_REC_27_36_IMG13","FOLIO_PENDING","Leonardo Interactivo BNE","E cquanto esso moto la detta chonfregatione s'allegierisscie in n, tanto cresscie in m, in modo che ssenpre hè d'equal faticha alla corda f m, né mai cresscie o diminuisscie, i'nessun grado di moto la faticha d'essa confrichatione.","And as much as that motion the said friction lightens in n, so much grows in m, in such a way that it is always of equal effort to the cord f m, nor does the effort of that friction ever grow or diminish in any degree of motion.","Friction constant along equidistant line","RECOVERED"
"MI_REC_27_36_IMG13","FOLIO_PENDING","Leonardo Interactivo BNE","La qual chonfregatione è molto minore che non è il peso del trave, chome nel 5° del 9° dimostrai.","Which friction is much less than the weight of the beam, as I showed in the 5th of the 9th.","Citation: 5th of the 9th","RECOVERED"
"MI_REC_27_36_IMG13","FOLIO_PENDING","Leonardo Interactivo BNE","Ora ci resta a dire che diferentia harebe di faticha il motore d'essa antenna, se hesso la tirassi per la linia obbliqua n m.","Now it remains to say what difference of effort the mover of this antenna would have, if he pulled it along the oblique line n m.","Oblique line — increased effort question","RECOVERED"
"MI_REC_27_36_IMG13","FOLIO_PENDING","Leonardo Interactivo BNE","Ogni grado di moto della linia obbliqua muta gradi di peso.","Every degree of motion of the oblique line changes degrees of weight.","Oblique motion: weight varies per degree","RECOVERED"
"MI_REC_27_36_IMG13","FOLIO_PENDING","Leonardo Interactivo BNE","E per la linia equidiacente ogni grado di moto osserva il medesimo peso, tolto insieme se[n]pre i pesi fatti, over mutati in n m e giunti insieme, perché quanto s'alegierisscie in n, tanto cresscie in m.","And along the equidistant line every degree of motion observes the same weight, always taking together the weights made or changed in n m and joined together, because as much as is lightened in n, so much grows in m.","Equidistant line: weight constant every degree","RECOVERED"
"MI_REC_27_36_IMG14","FOLIO_PENDING","Leonardo Interactivo BNE","Le rote del tenpo sono 3, cioè, 2 dentate e lla 3ª move il tenpo.","The wheels of the regulator are 3, that is, 2 toothed and the 3rd moves the regulator.","Three-wheel clock regulator","RECOVERED"
"MI_REC_27_36_IMG14","FOLIO_PENDING","Leonardo Interactivo BNE","Delle quali la prima rota ha 64 denti e move una rocha di 8 denti.","Of which the first wheel has 64 teeth and moves a pinion of 8 teeth.","Wheel 1: 64 teeth, pinion 8","RECOVERED"
"MI_REC_27_36_IMG14","FOLIO_PENDING","Leonardo Interactivo BNE","La 2ª rota ha 48 denti e move una rochetta di 6 denti.","The 2nd wheel has 48 teeth and moves a pinion of 6 teeth.","Wheel 2: 48 teeth, pinion 6","RECOVERED"
"MI_REC_27_36_IMG14","FOLIO_PENDING","Leonardo Interactivo BNE","La 3ª rota è quella che move il tenpo, ha 21 denti.","The 3rd wheel is the one that moves the regulator, has 21 teeth.","Wheel 3: 21 teeth, drives regulator","RECOVERED"
"MI_REC_27_36_IMG14","FOLIO_PENDING","Leonardo Interactivo BNE","E lla rota di fori che mosstra l'ore ha in sé 96 denti e lla rocca che lla move ha 4 denti.","And the outer wheel that shows the hours has in itself 96 teeth and the pinion that moves it has 4 teeth.","Hour wheel: 96 teeth, pinion 4","RECOVERED"
"MI_REC_27_36_IMG14","FOLIO_PENDING","Leonardo Interactivo BNE","r hè la rota del primo moto. He nel suo voltare hessa, chol suo dente e, move la lieva falcata x in là, onde la lieva & si viene ad alzare, e alza lo strumento delle 3 chiavi b c a.","r is the wheel of the first motion. And in its turning, with its tooth e, it moves the sickle-shaped lever x outward, whereby the lever & comes to rise, and raises the instrument of the 3 keys b c a.","First-motion wheel drives sickle-lever and 3-key instrument","RECOVERED"
"MI_REC_27_36_IMG14","FOLIO_PENDING","Leonardo Interactivo BNE","He ssimilmente halza il sosstentachulo l, il quale hè l'ultima chiave.","And similarly it raises the support l, which is the last key.","Last key raised","RECOVERED"
"MI_REC_27_36_IMG14","FOLIO_PENDING","Leonardo Interactivo BNE","Inperoché, quando l si alza, il dente b dissciende e ss'apogia e fferma sopra sé insino a ttanto che 'l dente del primo moto è passato di là dalla lieva x.","Because, when l rises, tooth b descends and rests and fixes itself until the tooth of the first motion has passed beyond lever x.","Tooth b arrest sequence","RECOVERED"
"MI_REC_27_36_IMG14","FOLIO_PENDING","Leonardo Interactivo BNE","Ma inanzi ch'esso dente e sia passato la lieva x, già le 3 chiavi a b c sono sciavate e posate in su'labri delle lor crenne.","But before that tooth e has passed lever x, already the 3 keys a b c are released and placed on the lips of their notches.","3 keys released into notches","RECOVERED"
"MI_REC_27_36_IMG14","FOLIO_PENDING","Leonardo Interactivo BNE","E già sschorrerebbon le rote al lor chamino se non fussi la chiave q l, la qual fa asspettare tanto che lla lieva x sia passato il dente del primo moto e.","And already the wheels would run their course if it were not for the key q l, which makes them wait until lever x has passed the tooth of the first motion e.","Key q l arrests wheel run","RECOVERED"
"MI_REC_27_36_IMG14","FOLIO_PENDING","Leonardo Interactivo BNE","He ssapi che lla rota del contrapeso ha 48 denti, e ssi chongiugnie cholla sua rocchetta di 8 denti con che hessa leva il martello de l'ore.","And know that the counterweight wheel has 48 teeth, and joins with its pinion of 8 teeth with which it raises the hammer of the hours.","Counterweight wheel 48 teeth, pinion 8, raises hour hammer","RECOVERED"
"MI_REC_27_36_IMG14","FOLIO_PENDING","Leonardo Interactivo BNE","La 2ª rota ha pure 48 denti, he a nella sua sciena apichato la rotella p, la quale chon una sola crenna ricieva la chiave a, e move sopra di sé una rochetta di 8 denti.","The 2nd wheel also has 48 teeth, and has attached to its back the small wheel p, which with a single notch receives key a, and moves above itself a pinion of 8 teeth.","Wheel 2 detail: 48 teeth, notch-wheel p, pinion 8","RECOVERED"
"MI_REC_27_36_IMG14","FOLIO_PENDING","Leonardo Interactivo BNE","La 3ª rota ha 36 denti e nel suo stile il dente q, ch'è l'ultima chiave.","The 3rd wheel has 36 teeth and in its shaft the tooth q, which is the last key.","Wheel 3: 36 teeth, tooth q = last key","RECOVERED"
"MI_REC_27_36_IMG14","FOLIO_PENDING","Leonardo Interactivo BNE","E ssopra di sé ha la rochetta di 6 denti.","And above itself has the pinion of 6 teeth.","Pinion 6 teeth above wheel 3","RECOVERED"
"MI_REC_27_36_IMG14","FOLIO_PENDING","Leonardo Interactivo BNE","La quarta rota ha 24 denti e move una rochetta di sei denti 'n iscanbio di ventola.","The fourth wheel has 24 teeth and moves a pinion of six teeth instead of a vane.","Wheel 4: 24 teeth, pinion 6, replaces vane","RECOVERED"
"MI_REC_27_36_IMG14","FOLIO_PENDING","Leonardo Interactivo BNE","E lla rota delle chiavi ha 125 denti.","And the wheel of the keys has 125 teeth.","Key wheel: 125 teeth","RECOVERED"
"MI_REC_27_36_IMG14","FOLIO_PENDING","Leonardo Interactivo BNE","Questa si chiava chon 2 chiavi, cioè, una presso al cientro, l'altra in istremo.","This is keyed with 2 keys, that is, one near the centre, the other at the extreme.","2-key locking: centre and extreme","RECOVERED"
"MI_REC_27_36_IMG14","FOLIO_PENDING","Leonardo Interactivo BNE","Lieva la quale sona l'ore levando il martello.","Lever which sounds the hours by raising the hammer.","Hour-striking lever","RECOVERED"
"MI_REC_27_36_IMG14","FOLIO_PENDING","Leonardo Interactivo BNE","La rochetta, che move la rota dove si chiava il fine dell'ore chon 125 denti, ha in sé 5 denti.","The pinion, which moves the wheel where the end of the hours is keyed with 125 teeth, has in itself 5 teeth.","Pinion 5 teeth drives 125-tooth key wheel","RECOVERED"
"MI_REC_27_36_IMG15","FOLIO_PENDING","Leonardo Interactivo BNE","Vedi qui anchora come la rota di sopra è divisa in due parti equali, delle quali parti l'una hè dentata e ll'altra no.","See here also how the wheel above is divided into two equal parts, of which parts one is toothed and the other is not.","Half-toothed wheel — two equal halves","RECOVERED"
"MI_REC_27_36_IMG15","FOLIO_PENDING","Leonardo Interactivo BNE","E ciasscuna di loro viene ha essere dispari.","And each of them comes to be odd.","Each half odd-numbered","RECOVERED"
"MI_REC_27_36_IMG15","FOLIO_PENDING","Leonardo Interactivo BNE","Hora tu puoi far dare alla rochetta che parte tu vuoi di volta.","Now you can make the pinion turn by whatever part you wish.","Selectable turn fraction","RECOVERED"
"MI_REC_27_36_IMG15","FOLIO_PENDING","Leonardo Interactivo BNE","Come dire i'voglio ch'ella dia volta intera, farai 8 fusi alla rocha e 8 denti per posta alla rota.","As to say I want it to give a full turn, you will make 8 rods on the pinion and 8 teeth per section on the wheel.","Full turn: 8 rods, 8 teeth per section","RECOVERED"
"MI_REC_27_36_IMG15","FOLIO_PENDING","Leonardo Interactivo BNE","E sse ttu voi ch'ella dia 1/4 di volta, fa la rocha pur di 8 fusi e 2 denti per posta.","And if you want it to give 1/4 turn, make the pinion also of 8 rods and 2 teeth per section.","Quarter turn: 8 rods, 2 teeth per section","RECOVERED"
"MI_REC_27_36_IMG15","FOLIO_PENDING","Leonardo Interactivo BNE","Sappi che in questa rota tutte le parte dentate debbono essere dispari, cioè, tutte le poste, le quali qui sono 5.","Know that in this wheel all the toothed parts must be odd, that is, all the sections, which here are 5.","Odd toothed sections — here 5","RECOVERED"
"MI_REC_27_36_IMG15","FOLIO_PENDING","Leonardo Interactivo BNE","E sse ffussino 6 starebon male.","And if they were 6 it would be wrong.","6 sections: wrong","RECOVERED"
"MI_REC_27_36_IMG15","FOLIO_PENDING","Leonardo Interactivo BNE","Siché fane una, ho 3 ho 5 ho 7, e chosi infinitamente sieno dispari, a uso della rota che move il tenpo all'oriolo.","So make one, or 3 or 5 or 7, and so on infinitely be odd, for use of the wheel that moves the regulator of the clock.","Odd rule: 1, 3, 5, 7 … for clock regulator","RECOVERED"
"MI_REC_27_36_IMG15","FOLIO_PENDING","Leonardo Interactivo BNE","E attendi che il dente di sopra lasscia il fusello in o, che ssubito di sotto si ripigli l'altro fusello in t.","And attend that the upper tooth releases the rod at o, so that immediately below it takes up the other rod at t.","Tooth release-take sequence o → t","RECOVERED"
"MI_REC_27_36_IMG15","FOLIO_PENDING","Leonardo Interactivo BNE","Questa va molto hequale e ssalda, i'modo fa gran chamino, perché la rocha ch'ella conduce dà volta intera, 8 fusi a lla rocha he 8 denti ha la meza rota.","This goes very uniform and steady, in such a way it makes a great journey, because the pinion it drives gives a full turn, 8 rods to the pinion and 8 teeth to the half wheel.","Uniform motion: full turn per engagement","RECOVERED"
"MI_REC_27_36_IMG16","FOLIO_PENDING","Leonardo Interactivo BNE","Quello ufitio che ffa l'asste per lo buso n, cioè, dello entrare he usscire sechondo che 'l voltare della rota m la conduce, il medesimo si pò fare in m, cioè, dall'opposita parte.","That office which the shaft does through the hole n, that is, of entering and exiting according to how the turning of wheel m conducts it, the same can be done in m, that is, from the opposite side.","Shaft entry-exit reversible from either side","RECOVERED"
"MI_REC_27_36_IMG17","FOLIO_PENDING","Leonardo Interactivo BNE","Domando perché qui in pari contatto e fforza e ttenp[o] e moto e peso, perché si sega più opera nell'una che nell'altra.","I ask why here with equal contact and force and time and motion and weight, why more work is sawn in one than in the other.","Saw efficiency question — equal conditions","RECOVERED"
"MI_REC_27_36_IMG17","FOLIO_PENDING","Leonardo Interactivo BNE","Io ho una sega la quale profunda un braccio per ora dentro a una pietra, colla quale essa a 1 braccio di contatto, e lla sega pesa 10 libre.","I have a saw which penetrates one braccio per hour into a stone, with which it has 1 braccio of contact, and the saw weighs 10 pounds.","Saw baseline: 1 braccio/hr, 10 lb, 1 braccio contact","RECOVERED"
"MI_REC_27_36_IMG17","FOLIO_PENDING","Leonardo Interactivo BNE","Ora io radoppio il contatto d'essa sega, e folio 2 braccia.","Now I double the contact of that saw, and it becomes 2 braccia.","Doubled contact length","RECOVERED"
"MI_REC_27_36_IMG17","FOLIO_PENDING","Leonardo Interactivo BNE","Dico che ti bisognia radopiare il peso della sega e profonderassi medesimamente 1 braccio per ora, faciendo pari moto in [...]","I say that you need to double the weight of the saw and it will penetrate equally 1 braccio per hour, making equal motion in [...].","Double weight required for same penetration rate","RECOVERED"
"MI_REC_27_36_IMG17","FOLIO_PENDING","Leonardo Interactivo BNE","La parte alluminata de'chorpi di pari grandeza fia più luminosa, del quale l'onbra dirivativa sarà più brieve.","The illuminated part of bodies of equal size will be more luminous, of which the derived shadow will be shorter.","Shorter derived shadow = more luminous body","RECOVERED"
"MI_REC_27_36_IMG17","FOLIO_PENDING","Leonardo Interactivo BNE","Le parti alluminate de'corpi di pari grandeze aranno tal proportioni nelle lor chiareze, quale anno infra lloro le lungeze de l'onbrose piramide.","The illuminated parts of bodies of equal sizes will have such proportions in their brightness as they have between them the lengths of the shadow pyramids.","Brightness proportional to shadow-pyramid length","RECOVERED"
"MI_REC_27_36_IMG17","FOLIO_PENDING","Leonardo Interactivo BNE","Il corpo f sarà la metà meno alluminato che il corpo e, perché la sua parte del cielo che ll'alumina è dupla minor che quella de e, come si dimostra in c d he a b.","Body f will be half as illuminated as body e, because the part of the sky that illuminates it is doubly smaller than that of e, as is shown in c d and a b.","Half illumination from half sky angle","RECOVERED"
"MI_REC_27_36_IMG17","FOLIO_PENDING","Leonardo Interactivo BNE","Quella proportione che a l'angolo che ssi rinchiude infra 'l corpo alluminato e ll'asis del razo alluminante l'uno coll'altro, talle arà le qualità de'lumi.","That proportion which the angle that is enclosed between the illuminated body and the axis of the illuminating ray has, one to the other, such will be the qualities of the lights.","Angle between body and light-axis determines light quality","RECOVERED"
"MI_REC_27_36_IMG17","FOLIO_PENDING","Leonardo Interactivo BNE","Se l'angolo acuto r c d entra 4 volte in nell'angolo c m n, c r fia 4 volte men luminoso che c n.","If the acute angle r c d enters 4 times into the angle c m n, c r will be 4 times less luminous than c n.","Acute angle 4× in obtuse → 4× less luminous","RECOVERED"
"MI_REC_27_36_IMG17","FOLIO_PENDING","Leonardo Interactivo BNE","Anchora se s'angolo c m n entra 12 volte i'nell'angolo ottuso a r d e ll'angolo c m n entra 3 in nello ottuso m n o, sequirà la proportione.","Also if the angle c m n enters 12 times into the obtuse angle a r d and the angle c m n enters 3 in the obtuse m n o, the proportion will follow.","Angular proportion of illumination","RECOVERED"
"MI_REC_27_36_IMG18","FOLIO_PENDING","Leonardo Interactivo BNE","Moto di diseguale forza perché il cientro della rota che move non è nel suo mezzo","Motion of unequal force because the centre of the wheel that moves is not in its middle","Section heading: off-centre wheel — unequal force","RECOVERED"
"MI_REC_27_36_IMG18","FOLIO_PENDING","Leonardo Interactivo BNE","Anchora la potentia di questo motore hè disequale, sol per non avere il suo circulo che move equalmente distante al cientro della rota principale.","Also the power of this mover is unequal, solely for not having its circle that moves equally distant from the centre of the main wheel.","Off-centre circle causes power inequality","RECOVERED"
"MI_REC_27_36_IMG18","FOLIO_PENDING","Leonardo Interactivo BNE","Questo moto di sotto, bench'esso sia eguale in forza, esso non fia eguale in movimento.","This motion below, although it be equal in force, it will not be equal in movement.","Equal force — unequal movement","RECOVERED"
"MI_REC_27_36_IMG18","FOLIO_PENDING","Leonardo Interactivo BNE","Questo moto hè assai laldabile, sì per la facilità del moto, chome per la brevità dell'opera.","This motion is very praiseworthy, both for the ease of the motion and for the brevity of the work.","Praiseworthy: easy and brief","RECOVERED"
"MI_REC_27_36_IMG19","FOLIO_PENDING","Leonardo Interactivo BNE","Se ll'acqua si troverà a ccierta alteza nella sua canna premuta dal peso, e cquel peso dissciendia [per] perpendiculare linia e ll'acqua similemente monti [per] perpendichular linia, torci poi tal strumento in qualunque linia ti piace, che ssenpre tale acqua starà alla medesima alteza nella sua channa.","If the water will be found at a certain height in its tube pressed by the weight, and that weight descends along a perpendicular line and the water similarly rises along a perpendicular line, twist then that instrument in whatever line you please, and that water will always stand at the same height in its tube.","Water maintains height regardless of tube orientation","RECOVERED"
"MI_REC_27_36_IMG19","FOLIO_PENDING","Leonardo Interactivo BNE","E questo achade che sse 'l pionbo mancha del suo peso per fare obbliquo disscienso, l'acqua fa il simile nel levarsi per simile obbliquità.","And this happens because if the lead loses of its weight by making oblique descent, the water does the same in rising by similar obliquity.","Lead and water — equal obliquity effect","RECOVERED"
"MI_REC_27_36_IMG19","FOLIO_PENDING","Leonardo Interactivo BNE","Questo hè mo[to] che sspingie he ttira.","This is motion that pushes and pulls.","Push-pull motion label","RECOVERED"
"MI_REC_27_36_IMG19","FOLIO_PENDING","Leonardo Interactivo BNE","Spingie, quando la parte dell'esse h f n a mandato l'angolo d nello stremo della rota in h, allora la stangetta m d si truova sosspinta in fuori.","It pushes, when the part of the shaft h f n has sent angle d to the extreme of the wheel in h, then the small rod m d finds itself pushed outward.","Push phase: angle d at extreme h","RECOVERED"
"MI_REC_27_36_IMG19","FOLIO_PENDING","Leonardo Interactivo BNE","E chosi tira, quando l'angolo d si truova sul cientro della rota in f.","And thus it pulls, when angle d finds itself on the centre of the wheel in f.","Pull phase: angle d at centre f","RECOVERED"
"MI_REC_27_36_IMG19","FOLIO_PENDING","Leonardo Interactivo BNE","Il quale moto achade [quando] la parte dell'esse f n sosspingie il piè della sstanga s f inverso d, onde essendo i poli s o fermi quando f va inverso d, d viene inverso il cientro della rota, perché o hè polo.","Which motion happens when the part of the shaft f n pushes the foot of the rod s f toward d, whereby being the poles s o fixed when f goes toward d, d comes toward the centre of the wheel, because o is the pole.","Pole-fixed push mechanism","RECOVERED"
"MI_REC_27_36_IMG19","FOLIO_PENDING","Leonardo Interactivo BNE","Ma ssappi che ll'esse h f n vole hessere mezo di qua dalla rota e mmezzo di là, a volere stare vene.","But know that the shaft h f n must be half this side of the wheel and half that side, in order to work well.","Shaft must be centred across wheel","RECOVERED"
"MI_REC_27_36_IMG19","FOLIO_PENDING","Leonardo Interactivo BNE","In questa forma debbe stare l'esse della rota di sopra, cioè, h f n, che verrà a essere 1/2 di qua e 1/2 di là.","In this form the shaft of the upper wheel must stand, that is, h f n, which will come to be 1/2 on this side and 1/2 on that.","Shaft 1/2 each side rule","RECOVERED"
"MI_REC_27_36_IMG20","FOLIO_PENDING","Leonardo Interactivo BNE","Tal proportione ano i lumi che ssi rinchiudano infra ll'asis del razo luminoso e 'l piano da cquello alluminato, quale infra lloro anno le base dele conposte piramide.","Such proportion do the lights have that are enclosed between the axis of the luminous ray and the plane illuminated by it, as between them the bases of the compound pyramids have.","Light proportion = base ratio of compound pyramids","RECOVERED"
"MI_REC_27_36_IMG20","FOLIO_PENDING","Leonardo Interactivo BNE","Fass[i] l'aste movere sopra una delle sue stremità in diversi modi, de'quali fia solamente inanzi e in dirieto, cioè, che lla parte che ssi move torni per la propia via ch'ella andò inanzi.","The shaft is made to move on one of its extremities in various ways, of which shall be only forward and backward, that is, that the part that moves returns by the same way that it went forward.","Forward-backward shaft: returns same path","RECOVERED"
"MI_REC_27_36_IMG20","FOLIO_PENDING","Leonardo Interactivo BNE","De'quali modi b c d e sono d'eguale natura, salvo che si biasima a, perché a una canna che veste il polo, nella quale si giugnie insieme col suo unto molta polvere e consumation del ferro.","Of which modes b c d e are of equal nature, except that a is blamed, because it has a tube that clothes the pole, in which joins together with its grease much dust and consumption of the iron.","Mode a: dust and iron wear — condemned","RECOVERED"
"MI_REC_27_36_IMG20","FOLIO_PENDING","Leonardo Interactivo BNE","E viene a ffare una cosa visciosa che inpedisscie il moto.","And it comes to make a viscous thing that impedes the motion.","Viscous impediment to motion","RECOVERED"
"MI_REC_27_36_IMG20","FOLIO_PENDING","Leonardo Interactivo BNE","a fia la più trista, perché a più moti e non pò osservare l'andare e 'l tornare per una sola linia.","a will be the worst, because it has more motions and cannot observe going and returning along a single line.","Mode a: worst — not single-line","RECOVERED"
"MI_REC_27_36_IMG20","FOLIO_PENDING","Leonardo Interactivo BNE","Ecci altri moti de'poli, i quali vanno in circulo colla sua asste, dalla parte di sopra o di sotto, e ll'oposita stremità dell'aste sta ferma 'n un punto e non volta in sé medesima.","There are other motions of the poles, which go in a circle with their shaft, from the upper or lower part, and the opposite extremity of the shaft stays fixed at a point and does not turn in itself.","Pole circular motion — opposite end fixed","RECOVERED"
"MI_REC_27_36_IMG20","FOLIO_PENDING","Leonardo Interactivo BNE","Altre cie n'è, che nel detto hofitio, voltano in sé medesimo.","There are others, which in the said office, turn in themselves.","Other mode: turns in itself","RECOVERED"
"MI_REC_27_36_IMG20","FOLIO_PENDING","Leonardo Interactivo BNE","Altre, sanza fare moto circulare dall'una o dall'altra stremità, solo attendano a voltare in sé medesima insù la sua fronte, come il polo delle pietre de'molini.","Others, without making circular motion from one or the other extremity, only attend to turning in themselves on their front face, like the pole of millstones.","Millstone-pole type: front-face rotation only","RECOVERED"
"MI_REC_27_36_IMG20","FOLIO_PENDING","Leonardo Interactivo BNE","Altre, fermato la testa di sopra o di sotto, si movano solamente in qua e i[n] llà, posandosi sopra le loro fronti.","Others, with the upper or lower head fixed, move only this way and that, resting on their front faces.","Fixed-head: lateral motion only","RECOVERED"
"MI_REC_27_36_IMG20","FOLIO_PENDING","Leonardo Interactivo BNE","Altre nel medesimo hofitio si voltano in sé medesime.","Others in the same office turn in themselves.","Same office: self-rotation","RECOVERED"
"MI_REC_27_36_IMG20","FOLIO_PENDING","Leonardo Interactivo BNE","Questa hè una ventola che piglia l'aria.","This is a vane that takes the air.","Vane: takes air","RECOVERED"
"MI_REC_27_36_IMG20","FOLIO_PENDING","Leonardo Interactivo BNE","E ssi dimanda quale fa più resistenzia i'nel suo voltare coll'aria che lla perchote, ho la ventola di 2 braccia, o di 4 o di 8.","And is asked which makes more resistance in its turning with the air that strikes it, whether the vane of 2 braccia, or of 4 or of 8.","Vane resistance comparison: 2, 4, 8 braccia","RECOVERED"
"MI_REC_27_36_IMG20","FOLIO_PENDING","Leonardo Interactivo BNE","Dimando quale ventola si moverà più veloce o ttarda, quella che a molti rami o che nn'a pochi, quella che a i rami più lunghi o più chorti, quella che gli a più larghi o ssottili, quella che gli a più legeri o più grievi.","I ask which vane will move faster or slower, that which has many branches or that which has few, that which has longer or shorter branches, that which has them wider or thinner, that which has them lighter or heavier.","Vane speed variables: count, length, width, weight","RECOVERED"
"MI_REC_27_36_IMG20","FOLIO_PENDING","Leonardo Interactivo BNE","E di tutte si dimanda le diferentie.","And of all these are asked the differences.","All differences to be determined","RECOVERED"
"MI_REC_27_36_IMG20","FOLIO_PENDING","Leonardo Interactivo BNE","E quella che a i rami di varie lungeze e pari peso infra lloro, e cquella che gli a traforati a modo di crivello, o tessuti come staccio, o frapati [c]ome pettine o di cartilagine o panicoli pilosi o puliti o lenti o tirati.","And that which has branches of various lengths and equal weight among them, and that which has them perforated like a sieve, or woven like a screen, or fringed like a comb or of cartilage or hairy membranes smooth or slow or stretched.","Vane variants: perforated, woven, fringed, membrane","RECOVERED"
